0.jpg,defect1
1.jpg,defect1
2.jpg,defect1
3.jpg,defect1
4.jpg,defect1
5.jpg,defect1
6.jpg,defect1
7.jpg,defect1
8.jpg,defect1
9.jpg,defect1
10.jpg,defect1
11.jpg,defect1
12.jpg,defect1
13.jpg,defect1
14.jpg,defect1
15.jpg,defect1
16.jpg,defect1
17.jpg,defect1
18.jpg,defect1
19.jpg,defect1
20.jpg,defect1
21.jpg,defect1
22.jpg,defect1
23.jpg,defect1
24.jpg,defect1
25.jpg,defect1
26.jpg,defect1
27.jpg,defect1
28.jpg,defect1
29.jpg,defect1
30.jpg,defect1
31.jpg,defect1
32.jpg,defect1
33.jpg,defect1
34.jpg,defect1
35.jpg,defect1
36.jpg,defect1
37.jpg,defect1
38.jpg,defect1
39.jpg,defect1
40.jpg,defect1
41.jpg,defect1
42.jpg,defect1
43.jpg,defect1
44.jpg,defect1
45.jpg,defect1
46.jpg,defect1
47.jpg,defect1
48.jpg,defect1
49.jpg,defect1
50.jpg,defect1
51.jpg,defect1
52.jpg,defect1
53.jpg,defect1
54.jpg,defect1
55.jpg,defect1
56.jpg,defect1
57.jpg,defect1
58.jpg,defect1
59.jpg,defect1
60.jpg,defect1
61.jpg,defect1
62.jpg,defect1
63.jpg,defect1
64.jpg,defect1
65.jpg,defect1
66.jpg,defect1
67.jpg,defect1
68.jpg,defect1
69.jpg,defect1
70.jpg,defect1
71.jpg,defect1
72.jpg,defect1
73.jpg,defect1
74.jpg,defect1
75.jpg,defect1
76.jpg,defect1
77.jpg,defect1
78.jpg,defect1
79.jpg,defect1
80.jpg,defect1
81.jpg,defect1
82.jpg,defect1
83.jpg,defect1
84.jpg,defect1
85.jpg,defect1
86.jpg,defect1
87.jpg,defect1
88.jpg,defect1
89.jpg,defect1
90.jpg,defect1
91.jpg,defect1
92.jpg,defect1
93.jpg,defect1
94.jpg,defect1
95.jpg,defect1
96.jpg,defect1
97.jpg,defect1
98.jpg,defect1
99.jpg,defect1
100.jpg,defect1
101.jpg,defect1
102.jpg,defect1
103.jpg,defect1
104.jpg,defect1
105.jpg,defect1
106.jpg,defect1
107.jpg,defect1
108.jpg,defect1
109.jpg,defect1
110.jpg,defect1
111.jpg,defect1
112.jpg,defect1
113.jpg,defect1
114.jpg,defect1
115.jpg,defect1
116.jpg,defect1
117.jpg,defect1
118.jpg,defect1
119.jpg,defect1
120.jpg,defect1
121.jpg,defect1
122.jpg,defect1
123.jpg,defect1
124.jpg,defect1
125.jpg,defect1
126.jpg,defect1
127.jpg,defect1
128.jpg,defect1
129.jpg,defect1
130.jpg,defect1
131.jpg,defect1
132.jpg,defect1
133.jpg,defect1
134.jpg,defect1
135.jpg,defect1
136.jpg,defect1
137.jpg,defect1
138.jpg,defect1
139.jpg,defect1
140.jpg,defect1
141.jpg,defect1
142.jpg,defect1
143.jpg,defect1
144.jpg,defect1
145.jpg,defect1
146.jpg,defect1
147.jpg,defect1
148.jpg,defect1
149.jpg,defect1
150.jpg,defect1
151.jpg,defect1
152.jpg,defect1
153.jpg,defect1
154.jpg,defect1
155.jpg,defect1
156.jpg,defect1
157.jpg,defect1
158.jpg,defect1
159.jpg,defect1
160.jpg,defect1
161.jpg,defect1
162.jpg,defect1
163.jpg,defect1
164.jpg,defect1
165.jpg,defect1
166.jpg,defect1
167.jpg,defect1
168.jpg,defect1
169.jpg,defect1
170.jpg,defect1
171.jpg,defect1
172.jpg,defect1
173.jpg,defect1
174.jpg,defect1
175.jpg,defect1
176.jpg,defect1
177.jpg,defect1
178.jpg,defect1
179.jpg,defect1
180.jpg,defect1
181.jpg,defect1
182.jpg,defect1
183.jpg,defect1
184.jpg,defect1
185.jpg,defect1
186.jpg,defect1
187.jpg,defect1
188.jpg,defect1
189.jpg,defect1
190.jpg,defect1
191.jpg,defect1
192.jpg,defect1
193.jpg,defect1
194.jpg,defect1
195.jpg,defect1
196.jpg,defect1
197.jpg,defect1
198.jpg,defect1
199.jpg,defect1
200.jpg,defect1
201.jpg,defect1
202.jpg,defect1
203.jpg,defect1
204.jpg,defect1
205.jpg,defect1
206.jpg,defect1
207.jpg,defect1
208.jpg,defect1
209.jpg,defect1
210.jpg,defect1
211.jpg,defect1
212.jpg,defect1
213.jpg,defect1
214.jpg,defect1
215.jpg,defect1
216.jpg,defect1
217.jpg,defect1
218.jpg,defect1
219.jpg,defect1
220.jpg,defect1
221.jpg,defect1
222.jpg,defect1
223.jpg,defect1
224.jpg,defect1
225.jpg,defect1
226.jpg,defect1
227.jpg,defect1
228.jpg,defect1
229.jpg,defect1
230.jpg,defect1
231.jpg,defect1
232.jpg,defect1
233.jpg,defect1
234.jpg,defect1
235.jpg,defect1
236.jpg,defect1
237.jpg,defect1
238.jpg,defect1
239.jpg,defect1
240.jpg,defect1
241.jpg,defect1
242.jpg,defect1
243.jpg,defect1
244.jpg,defect1
245.jpg,defect1
246.jpg,defect1
247.jpg,defect1
248.jpg,defect1
249.jpg,defect1
250.jpg,defect1
251.jpg,defect1
252.jpg,defect1
253.jpg,defect1
254.jpg,defect1
255.jpg,defect1
256.jpg,defect1
257.jpg,defect1
258.jpg,defect1
259.jpg,defect1
260.jpg,defect1
261.jpg,defect1
262.jpg,defect1
263.jpg,defect1
264.jpg,defect1
265.jpg,defect1
266.jpg,defect1
267.jpg,defect1
268.jpg,defect1
269.jpg,defect1
270.jpg,defect1
271.jpg,defect1
272.jpg,defect1
273.jpg,defect1
274.jpg,defect1
275.jpg,defect1
276.jpg,defect1
277.jpg,defect1
278.jpg,defect1
279.jpg,defect1
280.jpg,defect1
281.jpg,defect1
282.jpg,defect1
283.jpg,defect1
284.jpg,defect1
285.jpg,defect1
286.jpg,defect1
287.jpg,defect1
288.jpg,defect1
289.jpg,defect1
290.jpg,defect1
291.jpg,defect1
292.jpg,defect1
293.jpg,defect1
294.jpg,defect1
295.jpg,defect1
296.jpg,defect1
297.jpg,defect1
298.jpg,defect1
299.jpg,defect1
300.jpg,defect1
301.jpg,defect1
302.jpg,defect1
303.jpg,defect1
304.jpg,defect1
305.jpg,defect1
306.jpg,defect1
307.jpg,defect1
308.jpg,defect1
309.jpg,defect1
310.jpg,defect1
311.jpg,defect1
312.jpg,defect1
313.jpg,defect1
314.jpg,defect1
315.jpg,defect1
316.jpg,defect1
317.jpg,defect1
318.jpg,defect1
319.jpg,defect1
320.jpg,defect1
321.jpg,defect1
322.jpg,defect1
323.jpg,defect1
324.jpg,defect1
325.jpg,defect1
326.jpg,defect1
327.jpg,defect1
328.jpg,defect1
329.jpg,defect1
330.jpg,defect1
331.jpg,defect1
332.jpg,defect1
333.jpg,defect1
334.jpg,defect1
335.jpg,defect1
336.jpg,defect1
337.jpg,defect1
338.jpg,defect1
339.jpg,defect1
340.jpg,defect1
341.jpg,defect1
342.jpg,defect1
343.jpg,defect1
344.jpg,defect1
345.jpg,defect1
346.jpg,defect1
347.jpg,defect1
348.jpg,defect1
349.jpg,defect1
350.jpg,defect1
351.jpg,defect1
352.jpg,defect1
353.jpg,defect1
354.jpg,defect1
355.jpg,defect1
356.jpg,defect1
357.jpg,defect1
358.jpg,defect1
359.jpg,defect1
360.jpg,defect1
361.jpg,defect1
362.jpg,defect1
363.jpg,defect1
364.jpg,defect1
365.jpg,defect1
366.jpg,defect1
367.jpg,defect1
368.jpg,defect1
369.jpg,defect1
370.jpg,defect1
371.jpg,defect1
372.jpg,defect1
373.jpg,defect1
374.jpg,defect1
375.jpg,defect1
376.jpg,defect1
377.jpg,defect1
378.jpg,defect1
379.jpg,defect1
380.jpg,defect1
381.jpg,defect1
382.jpg,defect1
383.jpg,defect1
384.jpg,defect1
385.jpg,defect1
386.jpg,defect1
387.jpg,defect1
388.jpg,defect1
389.jpg,defect1
390.jpg,defect1
391.jpg,defect1
392.jpg,defect1
393.jpg,defect1
394.jpg,defect1
395.jpg,defect1
396.jpg,defect1
397.jpg,defect1
398.jpg,defect1
399.jpg,defect1
400.jpg,defect1
401.jpg,defect1
402.jpg,defect1
403.jpg,defect1
404.jpg,defect1
405.jpg,defect1
406.jpg,defect1
407.jpg,defect1
408.jpg,defect1
409.jpg,defect1
410.jpg,defect1
411.jpg,defect1
412.jpg,defect1
413.jpg,defect1
414.jpg,defect1
415.jpg,defect1
416.jpg,defect1
417.jpg,defect1
418.jpg,defect1
419.jpg,defect1
420.jpg,defect1
421.jpg,defect1
422.jpg,defect1
423.jpg,defect1
424.jpg,defect1
425.jpg,defect1
426.jpg,defect1
427.jpg,defect1
428.jpg,defect1
429.jpg,defect1
430.jpg,defect1
431.jpg,defect1
432.jpg,defect1
433.jpg,defect1
434.jpg,defect1
435.jpg,defect1
436.jpg,defect1
437.jpg,defect1
438.jpg,defect1
439.jpg,defect1
